{
    "TimeScale": 0.2,
    "RandomTrafficSeed": 33,
    "MaxVehicleCount": 2,
    "Ego": {
        "Position": {
            "x": 81381.7265625,
            "y": 49920.1890625,
            "z": 41.57674865722656
        },
        "EulerAngles": {
            "x": 0.0,
            "y": 0.0,
            "z": 35.0
        }
    }
}